Equation,Manuscript location,Implementation file,Function,Verified?,Mismatch?,Correction
Eq (1) Opcode Token & Positional Encoding,"Section 8.1, line 194",multimodal_malware/models/opcode_transformer.py,OpcodeTransformer.forward() & PositionalEncoding.forward(),YES,None,None; token embedding scaled by sqrt(d_model) with sinusoidal positional table addition.
Eq (2) Multi-Head Self-Attention,"Section 8.1, line 198",multimodal_malware/models/opcode_transformer.py,"nn.TransformerEncoderLayer(d_model=128, nhead=4)",YES,None,None; standard scaled dot-product attention with src_key_padding_mask.
Eq (3) Opcode Latent Hypersphere Normalization,"Section 8.1, line 202",multimodal_malware/models/opcode_transformer.py & attention_fusion.py,"OpcodeTransformer.projection_head & F.normalize(..., p=2, dim=-1)",YES,None,None; projection to latent_dim=128 followed by L2 normalization onto S^127.
Eq (4) GIN Layer Node Representation Update,"Section 8.2, line 208",multimodal_malware/models/cfg_gin.py,"GINConv(mlp, train_eps=True)",YES,None,None; standard 3-layer GIN with learnable epsilon parameter.
Eq (5) CFG Readout and Hypersphere Projection,"Section 8.2, line 212",multimodal_malware/models/cfg_gin.py & attention_fusion.py,"CFGGIN.forward() & F.normalize(..., p=2, dim=-1)",YES,Readout pooling specification,Updated manuscript text to specify multi-scale [mean || max] readout matching cfg_gin.py.
Eq (6) Syscall Bi-LSTM Recurrent Updates,"Section 8.3, line 218",multimodal_malware/models/syscall_bilstm.py,SyscallBiLSTM.lstm forward pass,YES,None,None; bidirectional LSTM with forward and backward hidden states.
Eq (7) Syscall Masked Pooling & Normalization,"Section 8.3, line 222",multimodal_malware/models/syscall_bilstm.py & attention_fusion.py,"SyscallBiLSTM.projection_head & F.normalize(..., p=2, dim=-1)",YES,None,None; masked mean pooling over non-pad tokens with missing-modality embedding prior.
Eq (8) Pairwise InfoNCE Alignment Loss,"Section 8.4, line 228",multimodal_malware/models/contrastive.py,pairwise_infonce_loss(),YES,None,None; symmetric cross-entropy over scaled cosine similarity matrix with tau=0.07.
Eq (9) Tri-Modal Symmetric Alignment Objective,"Section 8.4, line 232",multimodal_malware/models/contrastive.py,MultiModalInfoNCELoss.forward(),YES,None,"None; sum of pairwise losses across (opcode, cfg), (opcode, syscall), and (cfg, syscall)."
Eq (10) Gramian Matrix Construction,"Section 8.5, line 238",multimodal_malware/models/gram.py,VolumetricGRAMLoss.forward() Z_pos batch inner product,YES,None,"None; torch.bmm(Z_pos.transpose(1, 2), Z_pos) in R^{3 x 3}."
Eq (11) Volumetric GRAM Regularizer Loss,"Section 8.5, line 246",multimodal_malware/models/gram.py,VolumetricGRAMLoss.forward(),YES,Mathematical formulation of contrastive volume,Updated manuscript Eq (11) to include positive determinant volume minimization and negative volume expansion (-lambda_sep * log1p(det_neg)).
Eq (12) Modality Attention Scoring & Gating,"Section 8.6, line 252",multimodal_malware/models/attention_fusion.py,AttentionWeightedLateFusion.forward(),YES,None,"None; score_m = w_a^T tanh(W_m z_m + b_m), masked softmax over available channels."
Eq (13) Joint Multi-Task Objective Function,"Section 8.6, line 256",multimodal_malware/models/multimodal_model.py,MultiModalMalwareModel.compute_losses(),YES,None,"None; L_total = L_classification + L_InfoNCE + gamma * L_GRAM with gamma=0.5, lambda_sep=0.10."
