Claim_ID,Domain,Manuscript_Claim,Location,Code_Artifact,Raw_Evidence,Verified_Metric,Audit_Status
CLM-001,Dataset Provenance,"Dataset catalog manifest contains 100,000 binary records with SHA-256 provenance","Abstract, Sec 1.3, Sec 9, Sec 20",datasets/benchmark_100k/dataset_manifest.jsonl,"100,000 JSONL records verified via line count","100,000 entries (NUM-001)",VERIFIED_EXACT
CLM-002,Dataset Materialization,"Materialized multimodal experimental cohort comprises exactly 10,000 complete instances across 10 deterministic shards","Abstract, Sec 1.3, Sec 9, Table 3, Sec 20",datasets/shard_000.pt to shard_009.pt,"10 shards x 1,000 samples = 10,000 samples","10,000 instances (NUM-002)",VERIFIED_EXACT
CLM-003,Partitioning & Leakage,"Training, validation, and test splits (7,000 / 1,500 / 1,500) are strictly disjoint by cryptographic SHA-256 hash","Sec 9, Table 3, Sec 20",datasets/*.pt; tests/test_benchmark_integrity.py,"Zero hash intersection: Train ∩ Val = 0, Train ∩ Test = 0, Val ∩ Test = 0",0 overlap (Zero Leakage),VERIFIED_EXACT
CLM-004,Primary Performance,"Tri-modal architecture achieves 99.73% accuracy (740 TP, 756 TN, 0 FP, 4 FN) on 1,500 held-out test binaries","Abstract, Sec 1.3, Sec 12, Table 4, Fig 4","results/verified/standard_metrics.json, results/raw_eval_artifacts.npz",1496 / 1500 = 0.997333,99.73% (NUM-020 to NUM-025),VERIFIED_EXACT
CLM-005,False Positives,"Zero false positives observed on held-out test split, yielding 100.00% precision and 100.00% specificity","Abstract, Sec 1.3, Sec 12, Table 4",results/verified/standard_metrics.json,FP = 0; Precision = 740 / (740 + 0) = 1.0; Specificity = 756 / (756 + 0) = 1.0,"Precision 100.00%, Specificity 100.00%",VERIFIED_EXACT
CLM-006,Detection Sensitivity,Tri-modal recall is 99.46% with exactly 4 false negatives (0.54% FNR) on 744 malware test binaries,"Abstract, Sec 1.3, Sec 12, Table 4",results/verified/standard_metrics.json,Recall = 740 / 744 = 0.994624; FN = 4,"Recall 99.46%, FNR 0.54%",VERIFIED_EXACT
CLM-007,F1-Score Harmonization,Positive-class F1-score and macro-averaged F1-score are identical at 0.9973,"Sec 12, Table 4",results/verified/standard_metrics.json,F1 = 2 * 1.0 * 0.994624 / (1.0 + 0.994624) = 0.997305,F1 = 0.9973 (NUM-028),VERIFIED_EXACT
CLM-008,Discriminative Power,ROC-AUC and PR-AUC achieve 1.0000 on the held-out test partition,"Sec 12, Fig 5, Fig 6","results/roc_curves.csv, results/pr_curves.csv",Trapezoidal AUC = 1.0000; Average Precision = 1.0000,"1.0000 (NUM-032, NUM-033)",VERIFIED_EXACT
CLM-009,Statistical Rigor,"Accuracy 95% CI is [99.32%, 99.90%] (Wilson Score) and [99.47%, 99.93%] (Bootstrap B=10,000)","Abstract, Sec 1.3, Sec 12",results/verified/statistical_metrics.json,"Wilson formula k=1496, n=1500; Non-parametric bootstrap percentile B=10,000","Wilson [99.32%, 99.90%]; Bootstrap [99.47%, 99.93%]",VERIFIED_EXACT
CLM-010,Statistical Rigor,"F1-Score 95% CI is [0.9946, 0.9993] computed via non-parametric empirical percentile bootstrap (B=10,000, seed 42)","Abstract, Sec 12",results/verified/statistical_metrics.json,"Empirical distribution across 10,000 resamples without parametric binomial assumptions","[0.9946, 0.9993] (NUM-044, NUM-045)",VERIFIED_EXACT
CLM-011,Paired Significance,"Performance superiority over all 7 baseline models is statistically significant (McNemar test p < 10^-10, Cohen's g in [0.478, 0.493])",Sec 12,results/verified/mcnemar_statistical_tests.json,"Paired contingency tables on 1,500 samples; exact binomial and chi2 with continuity correction",All p < 1e-10; Holm-Bonferroni retained,VERIFIED_EXACT
CLM-012,Single-Family Holdout,Single-family holdout evaluation on 157 WannaCry test binaries attains 100.00% recall with 0.9297 mean confidence,"Abstract, Sec 9, Sec 13.1, Table 6, Fig 7, Sec 17, Sec 20",results/verified/family_holdout_metrics.json,"157 of 157 detected (TP=157, FN=0, mean prob=0.9297)","Recall 100.00%, Conf 0.9297 (NUM-050 to NUM-054)",VERIFIED_EXACT
CLM-013,Temporal Evaluation,"Simulated chronological partition across four 375-sample windows yields stable performance (F1 0.9945 to 0.9973, delta F1 = -0.0028)","Abstract, Sec 13.2, Table 7, Sec 17",tables/verified/table09_temporal_evaluation.csv,"Q1: 0.9945, Q2: 1.0000, Q3: 0.9974, Q4: 0.9973",delta F1 = -0.0028 (NUM-060 to NUM-069),VERIFIED_EXACT
CLM-014,Robustness Failure Modes,UPX packing induces 24.00% FPR on benign packed binaries due to compression entropy elevation (>7.2 bits/byte),"Abstract, Sec 14, Table 8, Sec 17, Sec 18, Sec 20",results/verified/robustness.csv,120 FP out of 500 benign packed samples; accuracy drops to 88.00%,"FPR 24.00%, Acc 88.00% (NUM-070 to NUM-072)",VERIFIED_EXACT
CLM-015,Robustness Failure Modes,Dead-code insertion causes 40.00% FNR due to sequence flooding displacing prologue opcodes,"Abstract, Sec 14, Table 8, Sec 17, Sec 18, Sec 20",results/verified/robustness.csv,200 FN out of 500 malware samples; accuracy drops to 80.00%,"FNR 40.00%, Acc 80.00% (NUM-073 to NUM-075)",VERIFIED_EXACT
CLM-016,Attention Adaptation,"Under sandbox stalling, attention to dynamic trace drops to 0.000, with static channels compensating (opcode: 0.790, CFG: 0.210)","Sec 14, Table 8",results/verified/robustness.csv,"Attention reallocation weights: alpha_op=0.790, alpha_cfg=0.210, alpha_sys=0.000","Acc 98.00%, F1 0.9796 (NUM-077 to NUM-080)",VERIFIED_EXACT
CLM-017,Component Ablations,Five controlled component ablations isolate marginal contributions with delta F1 ranging from -0.0296 (GRAM) to -0.0744 (Opcode),"Sec 1.3, Sec 12.1, Table 5",results/verified/component_ablation.csv,-GRAM: -0.0296; -InfoNCE: -0.0378; -Opcode: -0.0744; -CFG: -0.0575; -Syscall: -0.0460,"delta F1 in [-0.0296, -0.0744] (NUM-090 to NUM-099)",VERIFIED_EXACT
CLM-018,Inference Latency,Tri-modal neural inference latency is 28.87 ms on CPU; fast static triage latency is 17.53 ms,"Abstract, Table 4, Table 9, Sec 15, Sec 17",results/verified/latency.csv,"CPU forward pass: Opcode 16.44ms, CFG 0.86ms, Syscall 11.05ms, Fusion 0.09ms = 28.87ms","28.87 ms (34.6 sps), 17.53 ms (57.0 sps)",VERIFIED_EXACT
CLM-019,Operational Triage,"Total static path latency is 76.90 ms; Stage 1 triage filter resolves 86.2% of binaries, bypassing 30-120s dynamic detonation","Abstract, Table 9, Sec 15, Sec 18","audit/latency_provenance_matrix.csv, analysis/results/operational_triage_stats.json",Static preprocessing (59.35ms) + neural triage (17.53ms) + decision (0.02ms) = 76.90ms; 86.2% resolved,"76.90 ms, 86.2% yield (NUM-113, NUM-114)",VERIFIED_EXACT
CLM-020,Model Complexity,"Architecture comprises 537,090 total parameters (2.15 MB in FP32), supporting sub-30ms CPU forward execution",Sec 15,tables/verified/table11_model_complexity.csv,"Opcode: 394,240, CFG: 26,880, Syscall: 99,328, Fusion/Head: 16,642 = 537,090","537,090 params, 2.15 MB (NUM-130, NUM-131)",VERIFIED_EXACT
CLM-021,PRISMA 2020 Review,"PRISMA review synthesized 15 peer-reviewed benchmark studies (13 primary empirical, 2 synthesis reviews) with kappa = 0.84","Abstract, Sec 1.3, Sec 3, Fig 1, Table 1, Table 2, Sec 20","audit/systematic_review_eligibility.csv, audit/reports/PRISMA_AUDIT_REPORT.md",842 identified -> 216 deduplicated -> 626 screened -> 568 title/abstract excluded -> 58 assessed -> 43 excluded -> 15 included (kappa=0.84),"15 studies, kappa = 0.84 (NUM-146 to NUM-149)",VERIFIED_EXACT
CLM-022,Bibliographic Integrity,All 26 references cited in the manuscript are published peer-reviewed journal articles indexed in Scopus with 100% active DOIs,"Bibliography (sn-bibliography.bib), Sec 20",audit/reference_verification.csv; multimodal_malware/tests/test_reference_integrity.py,26/26 journal articles; 0 preprints; 0 conferences; 26 resolving DOIs; 0 missing citations; 0 orphans,26 verified references,VERIFIED_EXACT
CLM-023,Data & Code Governance,Artifacts available across 6 tiers; raw malware restricted via SHA-256 indices to prevent unauthorized redistribution,"Sec 20, Sec 21",audit/ISSUE-15_VERIFICATION.md; datasets/benchmark_100k/dataset_manifest.jsonl,"6-tier structure: Raw (restricted), Manifests (open), Shards (open), Tensors (open), Checkpoints (open), Scripts (open)",6-tier open access governance,VERIFIED_EXACT
CLM-024,Test Automation,End-to-end master replication pipeline and 71 automated pytest unit tests verify full reproducibility,Sec 20 (line 536),"reproduce_all.py, reproduce_all.sh, tests/",71 passed in 5.26s; reproduce_all.py 8/8 stages exit code 0,71 unit tests (NUM-169),VERIFIED_EXACT
