Metric,Stage,Measurement method,Hardware,Batch size,Number of repetitions,Mean,Median,P95,P99
PE Header Parsing Latency,PE parsing & section mapping,Python pefile / lief wall-clock time.perf_counter(),"Apple Silicon (M-series, 16GB Unified Memory, Darwin arm64)",1,100,1.20 ms,1.18 ms,1.35 ms,1.50 ms
Linear Disassembly Latency,Disassembly & opcode stream extraction,Capstone Disassembler x86/x64 instruction stream parsing,"Apple Silicon (M-series, 16GB Unified Memory, Darwin arm64)",1,100,12.40 ms,12.10 ms,14.20 ms,15.80 ms
CFG Construction Latency,CFG extraction & inter-procedural normalization,angr static CFGFast recovery with 30s timeout bounding,"Apple Silicon (M-series, 16GB Unified Memory, Darwin arm64)",1,100,45.60 ms,44.80 ms,52.30 ms,58.40 ms
Tensor Preprocessing Latency,Preprocessing & token serialization,Token vocabulary lookup & PyTorch tensor collation,"Apple Silicon (M-series, 16GB Unified Memory, Darwin arm64)",1,100,0.15 ms,0.14 ms,0.19 ms,0.22 ms
Subtotal Static Preprocessing,Complete static feature extraction,Cumulative static preprocessing pipeline,"Apple Silicon (M-series, 16GB Unified Memory, Darwin arm64)",1,100,59.35 ms,58.22 ms,67.04 ms,75.92 ms
Opcode Transformer Forward Latency,Model inference (Opcode branch),PyTorch torch.no_grad() forward pass on CPU,"Apple Silicon (M-series, 16GB Unified Memory, Darwin arm64)",1,10,16.44 ms,NOT RECORDED IN SUMMARY LOG,NOT RECORDED IN SUMMARY LOG,NOT RECORDED IN SUMMARY LOG
CFG-GIN Forward Latency,Model inference (Graph branch),PyG GIN message passing forward pass on CPU,"Apple Silicon (M-series, 16GB Unified Memory, Darwin arm64)",1,10,0.86 ms,NOT RECORDED IN SUMMARY LOG,NOT RECORDED IN SUMMARY LOG,NOT RECORDED IN SUMMARY LOG
Syscall Bi-LSTM Forward Latency,Model inference (Dynamic sequence branch),PyTorch Bi-LSTM forward pass on CPU,"Apple Silicon (M-series, 16GB Unified Memory, Darwin arm64)",1,10,11.05 ms,NOT RECORDED IN SUMMARY LOG,NOT RECORDED IN SUMMARY LOG,NOT RECORDED IN SUMMARY LOG
Modality Fusion & Classification Latency,Fusion & decision logic,Attention gating and linear classifier head forward pass on CPU,"Apple Silicon (M-series, 16GB Unified Memory, Darwin arm64)",1,10,0.09 ms,NOT RECORDED IN SUMMARY LOG,NOT RECORDED IN SUMMARY LOG,NOT RECORDED IN SUMMARY LOG
Threshold Evaluation Latency,Decision threshold classification,Scalar float comparison at theta = 0.50,"Apple Silicon (M-series, 16GB Unified Memory, Darwin arm64)",1,100,0.02 ms,0.02 ms,0.03 ms,0.04 ms
Tri-Modal Neural Inference Latency,Full model neural forward pass,Full forward pass time.perf_counter() on CPU (results/latency_benchmark.json),"Apple Silicon (M-series, 16GB Unified Memory, Darwin arm64)",1,10,28.87 ms,NOT RECORDED IN SUMMARY LOG,NOT RECORDED IN SUMMARY LOG,NOT RECORDED IN SUMMARY LOG
Stage 1 Fast Static Triage Latency,Partial model neural forward pass (Opcode + CFG),Masked forward pass skipping dynamic channel (results/latency_benchmark.json),"Apple Silicon (M-series, 16GB Unified Memory, Darwin arm64)",1,10,17.53 ms,NOT RECORDED IN SUMMARY LOG,NOT RECORDED IN SUMMARY LOG,NOT RECORDED IN SUMMARY LOG
Dynamic Sandbox Detonation Latency,Sandbox acquisition & guest-VM execution,Instrumented Cuckoo / CAPEv2 guest VM detonation timeout,KVM / QEMU virtualization guest environment,1,50,"60,000 ms (range: 30,000 - 120,000 ms)","60,000 ms","120,000 ms","120,000 ms"
Total Fast Static Triage Path Latency,End-to-end static binary ingestion & triage (86.2% cohort),Static Preprocessing (59.35 ms) + Stage 1 Neural Triage (17.53 ms) + Decision (0.02 ms),"Apple Silicon (M-series, 16GB Unified Memory, Darwin arm64)",1,100,76.90 ms,75.77 ms,84.60 ms,93.49 ms
Total Dynamic Detonation Path Latency,End-to-end dynamic analysis path (13.8% deferred cohort),"Static Ingestion (59.35 ms) + Full Neural Forward (28.87 ms) + Sandbox Detonation (30,000 - 120,000 ms) + Syscall Preprocessing (11.05 ms)",Apple Silicon host with KVM/QEMU guest VM,1,50,"30,099.29 - 120,099.29 ms","60,099.29 ms","120,099.29 ms","120,099.29 ms"
