ID,Value,Unit,Source,Experiment,Manuscript locations,Verification Status
NUM-001,100000,binaries,datasets/benchmark_100k/dataset_manifest.jsonl,EXP-DATASET-CATALOG,"Abstract (line 38), Sec 1.3 (line 68), Sec 9 (line 264), Sec 20 (line 532)",VERIFIED_EXACT
NUM-002,10000,binaries,datasets/shard_000.pt to shard_009.pt,EXP-DATASET-MATERIALIZED,"Abstract (line 38), Sec 1.3 (line 68), Sec 9 (line 265), Table 3 (line 281), Sec 20 (line 533)",VERIFIED_EXACT
NUM-003,10,shards,datasets/shard_000.pt to shard_009.pt,EXP-DATASET-SHARDING,"Sec 9 (line 265), Sec 20 (line 533)",VERIFIED_EXACT
NUM-004,7000,binaries,datasets/train_split.pt,EXP-SPLIT-TRAIN,"Abstract (line 38), Sec 1.3 (line 68), Sec 9 (line 265), Table 3 (line 277), Sec 10 (line 287), Sec 11 (line 300), Sec 20 (line 533)",VERIFIED_EXACT
NUM-005,1500,binaries,datasets/val_split.pt,EXP-SPLIT-VAL,"Abstract (line 38), Sec 1.3 (line 68), Sec 9 (line 265), Table 3 (line 278), Sec 10 (line 287), Sec 11 (line 300), Sec 20 (line 533)",VERIFIED_EXACT
NUM-006,1500,binaries,datasets/test_split.pt,EXP-SPLIT-TEST,"Abstract (line 38), Sec 1.3 (line 68), Sec 9 (line 265), Table 3 (line 279), Sec 11 (line 290, 300), Sec 12 (line 303, 307), Fig 4 (line 329), Fig 5-6 (line 339), Sec 20 (line 533), Sec 22 (line 526)",VERIFIED_EXACT
NUM-007,3500,binaries,datasets/train_split.pt,EXP-SPLIT-TRAIN-BENIGN,"Sec 9 (line 266), Table 3 (line 277)",VERIFIED_EXACT
NUM-008,3500,binaries,datasets/train_split.pt,EXP-SPLIT-TRAIN-MALWARE,"Sec 9 (line 266), Table 3 (line 277)",VERIFIED_EXACT
NUM-009,756,binaries,datasets/test_split.pt,EXP-SPLIT-TEST-BENIGN,"Abstract (line 38), Sec 9 (line 266), Table 3 (line 279), Table 4 (line 313), Fig 4 (line 329)",VERIFIED_EXACT
NUM-010,744,binaries,datasets/test_split.pt,EXP-SPLIT-TEST-MALWARE,"Sec 9 (line 266), Table 3 (line 279), Table 6 (line 372)",VERIFIED_EXACT
NUM-011,5006,binaries,datasets/shard_000.pt to shard_009.pt,EXP-DATASET-BENIGN-TOTAL,Table 3 (line 281),VERIFIED_EXACT
NUM-012,4994,binaries,datasets/shard_000.pt to shard_009.pt,EXP-DATASET-MALWARE-TOTAL,Table 3 (line 281),VERIFIED_EXACT
NUM-013,42,seed,multimodal_malware/configs/train_config.yaml,EXP-PROTOCOL-SEED,Sec 9 (line 265),VERIFIED_EXACT
NUM-020,740,binaries,results/verified/standard_metrics.json,EXP-01-PROPOSED-TEST,"Abstract (line 38), Table 4 (line 313), Fig 4 (line 329), Table 5 (line 353)",VERIFIED_EXACT
NUM-021,756,binaries,results/verified/standard_metrics.json,EXP-01-PROPOSED-TEST,"Abstract (line 38), Table 4 (line 313), Fig 4 (line 329), Table 5 (line 353)",VERIFIED_EXACT
NUM-022,0,binaries,results/verified/standard_metrics.json,EXP-01-PROPOSED-TEST,"Abstract (line 38), Sec 1.3 (line 68), Sec 12 (line 303), Table 4 (line 313), Fig 4 (line 329), Table 5 (line 353)",VERIFIED_EXACT
NUM-023,4,binaries,results/verified/standard_metrics.json,EXP-01-PROPOSED-TEST,"Abstract (line 38), Sec 1.3 (line 68), Sec 12 (line 303), Table 4 (line 313), Fig 4 (line 329), Table 5 (line 353)",VERIFIED_EXACT
NUM-024,1496,binaries,results/verified/standard_metrics.json,EXP-01-PROPOSED-TEST,Sec 12 (line 303),VERIFIED_EXACT
NUM-025,99.73,%,results/verified/standard_metrics.json,EXP-01-PROPOSED-TEST,"Abstract (line 38), Sec 1.3 (line 68), Sec 3 Table 1 (line 127), Sec 12 (line 303), Table 4 (line 313), Table 5 (line 353), Sec 18 (line 520), Sec 19 (line 526)",VERIFIED_EXACT
NUM-026,100.00,%,results/verified/standard_metrics.json,EXP-01-PROPOSED-TEST,"Abstract (line 38), Sec 12 (line 303), Table 4 (line 313), Sec 19 (line 526)",VERIFIED_EXACT
NUM-027,99.46,%,results/verified/standard_metrics.json,EXP-01-PROPOSED-TEST,"Abstract (line 38), Sec 12 (line 303), Table 4 (line 313)",VERIFIED_EXACT
NUM-028,0.9973,score,results/verified/standard_metrics.json,EXP-01-PROPOSED-TEST,"Sec 12 (line 303, 332), Table 4 (line 313), Table 5 (line 353)",VERIFIED_EXACT
NUM-029,100.00,%,results/verified/standard_metrics.json,EXP-01-PROPOSED-TEST,"Sec 1.3 (line 68), Table 4 (line 313)",VERIFIED_EXACT
NUM-030,0.00,%,results/verified/standard_metrics.json,EXP-01-PROPOSED-TEST,Table 4 (line 313),VERIFIED_EXACT
NUM-031,0.54,%,results/verified/standard_metrics.json,EXP-01-PROPOSED-TEST,Sec 1.3 (line 68),VERIFIED_EXACT
NUM-032,1.0000,AUC,results/verified/standard_metrics.json,EXP-01-PROPOSED-TEST,"Sec 12 (line 332), Fig 5-6 (line 339)",VERIFIED_EXACT
NUM-033,1.0000,AUC,results/verified/standard_metrics.json,EXP-01-PROPOSED-TEST,"Sec 12 (line 332), Fig 5-6 (line 339)",VERIFIED_EXACT
NUM-040,99.32,%,results/verified/statistical_metrics.json,EXP-STAT-WILSON-ACC,"Abstract (line 38), Sec 1.3 (line 68), Sec 12 (line 332)",VERIFIED_EXACT
NUM-041,99.90,%,results/verified/statistical_metrics.json,EXP-STAT-WILSON-ACC,"Abstract (line 38), Sec 1.3 (line 68), Sec 12 (line 332)",VERIFIED_EXACT
NUM-042,99.47,%,results/verified/statistical_metrics.json,EXP-STAT-BOOTSTRAP-ACC,"Abstract (line 38), Sec 1.3 (line 68), Sec 12 (line 332)",VERIFIED_EXACT
NUM-043,99.93,%,results/verified/statistical_metrics.json,EXP-STAT-BOOTSTRAP-ACC,"Abstract (line 38), Sec 1.3 (line 68), Sec 12 (line 332)",VERIFIED_EXACT
NUM-044,0.9946,score,results/verified/statistical_metrics.json,EXP-STAT-BOOTSTRAP-F1,Sec 12 (line 332),VERIFIED_EXACT
NUM-045,0.9993,score,results/verified/statistical_metrics.json,EXP-STAT-BOOTSTRAP-F1,Sec 12 (line 332),VERIFIED_EXACT
NUM-046,10000,resamples,results/verified/statistical_metrics.json,EXP-STAT-BOOTSTRAP-SETTINGS,Sec 12 (line 332),VERIFIED_EXACT
NUM-050,157,binaries,results/verified/family_holdout_metrics.json,EXP-04-WANNACRY-HOLDOUT,"Abstract (line 38), Sec 9 (line 267), Sec 13.1 (line 368), Table 6 (line 378), Fig 7 (line 411), Sec 17 (line 515), Sec 19 (line 526)",VERIFIED_EXACT
NUM-051,157,binaries,results/verified/family_holdout_metrics.json,EXP-04-WANNACRY-HOLDOUT,"Sec 13.1 (line 368), Table 6 (line 378)",VERIFIED_EXACT
NUM-052,0,binaries,results/verified/family_holdout_metrics.json,EXP-04-WANNACRY-HOLDOUT,Sec 13.1 (line 368),VERIFIED_EXACT
NUM-053,100.00,%,results/verified/family_holdout_metrics.json,EXP-04-WANNACRY-HOLDOUT,"Abstract (line 38), Sec 13.1 (line 368), Table 6 (line 378), Fig 7 (line 411), Sec 19 (line 526)",VERIFIED_EXACT
NUM-054,0.9297,score,results/verified/family_holdout_metrics.json,EXP-04-WANNACRY-HOLDOUT,"Abstract (line 38), Sec 13.1 (line 368), Table 6 (line 378), Fig 7 (line 411)",VERIFIED_EXACT
NUM-060,375,binaries,tables/verified/table09_temporal_evaluation.csv,EXP-03-TEMPORAL-Q1_Q4,"Abstract (line 38), Sec 13.2 (line 389), Table 7 (lines 393-402)",VERIFIED_EXACT
NUM-061,99.47,%,tables/verified/table09_temporal_evaluation.csv,EXP-03-TEMPORAL-Q1,"Sec 13.2 (line 389), Table 7 (line 399)",VERIFIED_EXACT
NUM-062,0.9945,score,tables/verified/table09_temporal_evaluation.csv,EXP-03-TEMPORAL-Q1,"Abstract (line 38), Table 7 (line 399)",VERIFIED_EXACT
NUM-063,100.00,%,tables/verified/table09_temporal_evaluation.csv,EXP-03-TEMPORAL-Q2,"Sec 13.2 (line 389), Table 7 (line 400)",VERIFIED_EXACT
NUM-064,1.0000,score,tables/verified/table09_temporal_evaluation.csv,EXP-03-TEMPORAL-Q2,Table 7 (line 400),VERIFIED_EXACT
NUM-065,99.73,%,tables/verified/table09_temporal_evaluation.csv,EXP-03-TEMPORAL-Q3,"Sec 13.2 (line 389), Table 7 (line 401)",VERIFIED_EXACT
NUM-066,0.9974,score,tables/verified/table09_temporal_evaluation.csv,EXP-03-TEMPORAL-Q3,Table 7 (line 401),VERIFIED_EXACT
NUM-067,99.73,%,tables/verified/table09_temporal_evaluation.csv,EXP-03-TEMPORAL-Q4,"Sec 13.2 (line 389), Table 7 (line 402)",VERIFIED_EXACT
NUM-068,0.9973,score,tables/verified/table09_temporal_evaluation.csv,EXP-03-TEMPORAL-Q4,"Abstract (line 38), Table 7 (line 402)",VERIFIED_EXACT
NUM-069,-0.0028,score,tables/verified/table09_temporal_evaluation.csv,EXP-03-TEMPORAL-DELTA,"Abstract (line 38), Sec 13.2 (line 389)",VERIFIED_EXACT
NUM-070,88.00,%,results/verified/robustness.csv,EXP-07-ROB-UPX,"Abstract (line 38), Sec 14 (line 417), Table 8 (line 431)",VERIFIED_EXACT
NUM-071,24.00,%,results/verified/robustness.csv,EXP-07-ROB-UPX,"Abstract (line 38), Sec 14 (line 417), Table 8 (line 431), Sec 17 (line 507), Sec 18 (line 523), Sec 19 (line 526)",VERIFIED_EXACT
NUM-072,120,binaries,results/verified/robustness.csv,EXP-07-ROB-UPX,Sec 14 (line 417),VERIFIED_EXACT
NUM-073,80.00,%,results/verified/robustness.csv,EXP-08-ROB-DEADCODE,"Sec 14 (line 418), Table 8 (line 432)",VERIFIED_EXACT
NUM-074,40.00,%,results/verified/robustness.csv,EXP-08-ROB-DEADCODE,"Abstract (line 38), Sec 14 (line 418), Table 8 (line 432), Sec 17 (line 508), Sec 18 (line 523), Sec 19 (line 526)",VERIFIED_EXACT
NUM-075,200,binaries,results/verified/robustness.csv,EXP-08-ROB-DEADCODE,Sec 14 (line 418),VERIFIED_EXACT
NUM-076,96.00,%,results/verified/robustness.csv,EXP-09-ROB-FLATTENING,"Sec 14 (line 419), Table 8 (line 433)",VERIFIED_EXACT
NUM-077,98.00,%,results/verified/robustness.csv,EXP-10-ROB-STALLING,"Sec 14 (line 419), Table 8 (line 434)",VERIFIED_EXACT
NUM-078,0.790,weight,results/verified/robustness.csv,EXP-10-ROB-STALLING-ATTN,Table 8 (line 434),VERIFIED_EXACT
NUM-079,0.210,weight,results/verified/robustness.csv,EXP-10-ROB-STALLING-ATTN,Table 8 (line 434),VERIFIED_EXACT
NUM-080,0.000,weight,results/verified/robustness.csv,EXP-10-ROB-STALLING-ATTN,Table 8 (line 434),VERIFIED_EXACT
NUM-090,-0.0296,score,results/verified/component_ablation.csv,EXP-11-ABL-NO-GRAM,"Sec 1.3 (line 69), Sec 12.1 (line 343), Table 5 (line 354)",VERIFIED_EXACT
NUM-091,-2.93,%,results/verified/component_ablation.csv,EXP-11-ABL-NO-GRAM,"Sec 12.1 (line 343), Table 5 (line 354)",VERIFIED_EXACT
NUM-092,-0.0378,score,results/verified/component_ablation.csv,EXP-15-ABL-NO-INFONCE,Table 5 (line 355),VERIFIED_EXACT
NUM-093,-3.73,%,results/verified/component_ablation.csv,EXP-15-ABL-NO-INFONCE,"Sec 12.1 (line 343), Table 5 (line 355)",VERIFIED_EXACT
NUM-094,-0.0744,score,results/verified/component_ablation.csv,EXP-12-ABL-NO-OPCODE,"Sec 1.3 (line 69), Sec 12.1 (line 343), Table 5 (line 356)",VERIFIED_EXACT
NUM-095,-7.33,%,results/verified/component_ablation.csv,EXP-12-ABL-NO-OPCODE,Table 5 (line 356),VERIFIED_EXACT
NUM-096,-0.0575,score,results/verified/component_ablation.csv,EXP-13-ABL-NO-CFG,Table 5 (line 357),VERIFIED_EXACT
NUM-097,-5.66,%,results/verified/component_ablation.csv,EXP-13-ABL-NO-CFG,Table 5 (line 357),VERIFIED_EXACT
NUM-098,-0.0460,score,results/verified/component_ablation.csv,EXP-14-ABL-NO-SYSCALL,Table 5 (line 358),VERIFIED_EXACT
NUM-099,-4.53,%,results/verified/component_ablation.csv,EXP-14-ABL-NO-SYSCALL,Table 5 (line 358),VERIFIED_EXACT
NUM-110,28.87,ms,results/verified/latency.csv,EXP-LAT-NEURAL-TRIMODAL,"Abstract (line 38), Table 4 (line 313), Table 9 (line 470), Sec 15 (line 483), Sec 17 (line 513)",VERIFIED_EXACT
NUM-111,17.53,ms,results/verified/latency.csv,EXP-LAT-NEURAL-TRIAGE,"Abstract (line 38), Table 9 (line 471), Sec 15 (line 483)",VERIFIED_EXACT
NUM-112,59.35,ms,audit/latency_provenance_matrix.csv,EXP-LAT-STATIC-PREP,"Table 9 (line 462), Sec 17 (line 513)",VERIFIED_EXACT
NUM-113,76.90,ms,audit/latency_provenance_matrix.csv,EXP-LAT-STATIC-TOTAL,"Abstract (line 38), Table 9 (line 476), Sec 15 (line 483), Sec 18 (line 520)",VERIFIED_EXACT
NUM-114,86.2,%,analysis/results/operational_triage_stats.json,EXP-TRIAGE-STAGE1-YIELD,"Abstract (line 38), Table 9 (line 476), Sec 15 (line 483), Sec 18 (line 520)",VERIFIED_EXACT
NUM-115,13.8,%,analysis/results/operational_triage_stats.json,EXP-TRIAGE-STAGE2-QUEUE,"Table 9 (line 474, 477), Sec 15 (line 483), Sec 18 (line 523)",VERIFIED_EXACT
NUM-116,30000,ms,tables/verified/table10_latency_breakdown.csv,EXP-LAT-DYNAMIC-MIN,"Table 9 (line 473, 477), Sec 15 (line 483), Sec 17 (line 513)",VERIFIED_EXACT
NUM-117,120000,ms,tables/verified/table10_latency_breakdown.csv,EXP-LAT-DYNAMIC-MAX,"Table 9 (line 473, 477), Sec 15 (line 483), Sec 17 (line 513)",VERIFIED_EXACT
NUM-118,16.44,ms,results/verified/latency.csv,EXP-LAT-OPCODE,"Table 4 (line 315), Table 9 (line 464)",VERIFIED_EXACT
NUM-119,0.86,ms,results/verified/latency.csv,EXP-LAT-CFG,"Table 4 (line 316), Table 9 (line 465)",VERIFIED_EXACT
NUM-120,11.05,ms,results/verified/latency.csv,EXP-LAT-SYSCALL,"Table 4 (line 317), Table 9 (line 466)",VERIFIED_EXACT
NUM-121,0.09,ms,results/verified/latency.csv,EXP-LAT-FUSION,Table 9 (line 467),VERIFIED_EXACT
NUM-122,0.02,ms,audit/latency_provenance_matrix.csv,EXP-LAT-DECISION,Table 9 (line 468),VERIFIED_EXACT
NUM-130,537090,parameters,tables/verified/table11_model_complexity.csv,EXP-COMPLEXITY-TOTAL,Sec 15 (line 483),VERIFIED_EXACT
NUM-131,2.15,MB,tables/verified/table11_model_complexity.csv,EXP-COMPLEXITY-TOTAL-MEM,Sec 15 (line 483),VERIFIED_EXACT
NUM-132,394240,parameters,tables/verified/table11_model_complexity.csv,EXP-COMPLEXITY-OPCODE,Sec 15 (line 483),VERIFIED_EXACT
NUM-133,26880,parameters,tables/verified/table11_model_complexity.csv,EXP-COMPLEXITY-CFG,Sec 15 (line 483),VERIFIED_EXACT
NUM-134,99328,parameters,tables/verified/table11_model_complexity.csv,EXP-COMPLEXITY-SYSCALL,Sec 15 (line 483),VERIFIED_EXACT
NUM-135,16642,parameters,tables/verified/table11_model_complexity.csv,EXP-COMPLEXITY-FUSION,Sec 15 (line 483),VERIFIED_EXACT
NUM-140,842,records,audit/reports/PRISMA_AUDIT_REPORT.md,EXP-PRISMA-IDENTIFICATION,"Sec 1.3 (line 66), Fig 1 caption (line 97)",VERIFIED_EXACT
NUM-141,216,records,audit/reports/PRISMA_AUDIT_REPORT.md,EXP-PRISMA-DEDUPLICATION,Fig 1 caption (line 97),VERIFIED_EXACT
NUM-142,626,records,audit/reports/PRISMA_AUDIT_REPORT.md,EXP-PRISMA-SCREENED,Fig 1 caption (line 97),VERIFIED_EXACT
NUM-143,568,records,audit/reports/PRISMA_AUDIT_REPORT.md,EXP-PRISMA-TITLE-EXCLUDED,Sec 3.3 (line 92),VERIFIED_EXACT
NUM-144,58,records,audit/reports/PRISMA_AUDIT_REPORT.md,EXP-PRISMA-FULLTEXT-ASSESSED,"Sec 3.3 (line 92), Fig 1 caption (line 97)",VERIFIED_EXACT
NUM-145,43,records,audit/reports/PRISMA_AUDIT_REPORT.md,EXP-PRISMA-FULLTEXT-EXCLUDED,Sec 3.3 (line 92),VERIFIED_EXACT
NUM-146,15,studies,audit/systematic_review_eligibility.csv,EXP-PRISMA-INCLUDED,"Abstract (line 38), Sec 1.3 (line 66), Sec 3.3 (line 92), Fig 1 caption (line 97), Table 1 (lines 105-125), Table 2 (lines 135-155), Sec 19 (line 526)",VERIFIED_EXACT
NUM-147,13,studies,audit/systematic_review_eligibility.csv,EXP-PRISMA-PRIMARY-STUDIES,"Abstract (line 38), Sec 1.3 (line 66), Sec 3.3 (line 92), Fig 1 caption (line 97), Table 1 (lines 105-125), Sec 19 (line 526)",VERIFIED_EXACT
NUM-148,2,studies,audit/systematic_review_eligibility.csv,EXP-PRISMA-SYNTHESIS-REVIEWS,"Abstract (line 38), Sec 1.3 (line 66), Sec 3.3 (line 92), Fig 1 caption (line 97), Table 1 (lines 105-125), Sec 19 (line 526)",VERIFIED_EXACT
NUM-149,0.84,kappa,audit/reports/PRISMA_AUDIT_REPORT.md,EXP-PRISMA-KAPPA,"Sec 1.3 (line 66), Sec 3.3 (line 92)",VERIFIED_EXACT
NUM-150,5,databases,sn-article.tex (Section 3.1),EXP-PRISMA-DATABASES,"Abstract (line 38), Sec 1.3 (line 66), Sec 3.1 (line 82)",VERIFIED_EXACT
NUM-160,10,epochs,checkpoints/model_manifest.json,EXP-TRAIN-EPOCHS,Sec 10 (line 287),VERIFIED_EXACT
NUM-161,8,epoch,checkpoints/training_history.json,EXP-TRAIN-BEST-EPOCH,Sec 10 (line 287),VERIFIED_EXACT
NUM-162,0.9993,F1,checkpoints/training_history.json,EXP-TRAIN-VAL-F1,Sec 10 (line 287),VERIFIED_EXACT
NUM-163,7604.8,seconds,checkpoints/training_history.json,EXP-TRAIN-DURATION,Sec 10 (line 287),VERIFIED_EXACT
NUM-164,2.11,hours,checkpoints/training_history.json,EXP-TRAIN-DURATION-HRS,Sec 10 (line 287),VERIFIED_EXACT
NUM-165,128,dim,multimodal_malware/configs/scale_100k.yaml,EXP-HYPERPARAM-LATENT-DIM,"Sec 7 (line 174), Sec 8.1 (line 195, 203), Sec 8.2 (line 213), Sec 8.3 (line 223), Sec 11 (line 292, 295, 297, 298), Sec 16 (line 492)",VERIFIED_EXACT
NUM-166,0.07,tau,multimodal_malware/configs/scale_100k.yaml,EXP-HYPERPARAM-TAU,Sec 8.4 (line 227),VERIFIED_EXACT
NUM-167,0.50,gamma,multimodal_malware/configs/scale_100k.yaml,EXP-HYPERPARAM-GAMMA,Sec 8.6 (line 259),VERIFIED_EXACT
NUM-168,0.10,margin,multimodal_malware/configs/scale_100k.yaml,EXP-HYPERPARAM-LAMBDA-SEP,"Sec 8.5 (line 245), Sec 8.6 (line 259)",VERIFIED_EXACT
NUM-169,54,unit tests,tests/ (pytest),EXP-REPRODUCIBILITY-TESTS,Sec 20 (line 536),VERIFIED_EXACT
