Key,Authors,Title,Journal,Year,Volume,Issue,Pages,Publisher,DOI,Scopus_Indexed,Verification_Status,Resolution_Notes
Page2021PRISMA,Matthew J. Page and Joanne E. McKenzie and Patrick M. Bossuyt and Isabelle Boutron and Tammy C. Hoffmann and Cynthia D. Mulrow and Larissa Shamseer and Jennifer M. Tetzlaff and Elie A. Akl and Sue E. Brennan and Roger Chou and Julie Glanville and Jeremy M. Grimshaw and Asbjørn Hróbjartsson and Manoj M. Lalu and Tianjing Li and Elizabeth W. Loder and Evan Mayo-Wilson and Steve McDonald and Luke A. McGuinness and Lesley A. Stewart and James Thomas and Andrea C. Tricco and Vivian A. Welch and Penny Whiting and David Moher,The PRISMA 2020 statement: an updated guideline for reporting systematic reviews,Systematic Reviews,2021,10,1,89,Springer Science and Business Media LLC,10.1186/s13643-021-01626-4,Scopus Q1,VERIFIED_ACTIVE_DOI,Peer-reviewed journal paper; 100% resolving DOI; cited in manuscript
Gibert2020,Daniel Gibert and Carles Mateu and Jordi Planes,"The rise of machine learning for detection and classification of malware: Research developments, trends and challenges",Journal of Network and Computer Applications,2020,153,,102526,Elsevier BV,10.1016/j.jnca.2019.102526,Scopus Q1,VERIFIED_ACTIVE_DOI,Peer-reviewed journal paper; 100% resolving DOI; cited in manuscript
Landman2021DeepHook,Tom Landman and Nir Nissim,Deep-Hook: A trusted deep learning-based framework for unknown malware detection and classification in Linux cloud environments,Neural Networks,2021,144,,648-685,Elsevier BV,10.1016/j.neunet.2021.09.019,Scopus Q1,VERIFIED_ACTIVE_DOI,Peer-reviewed journal paper; 100% resolving DOI; cited in manuscript
BinCola2024,Shuai Jiang and Cai Fu and Shuai He and Jianqiang Lv and Lansheng Han and Hong Hu,BinCola: Diversity-Sensitive Contrastive Learning for Binary Code Similarity Detection,IEEE Transactions on Software Engineering,2024,50,10,2485-2497,Institute of Electrical and Electronics Engineers (IEEE),10.1109/TSE.2024.3411072,Scopus Q1,VERIFIED_ACTIVE_DOI,Peer-reviewed journal paper; 100% resolving DOI; cited in manuscript
Kim2023Revisiting,Dongkwan Kim and Eunsoo Kim and Sang Kil Cha and Sooel Son and Yongdae Kim,Revisiting Binary Code Similarity Analysis Using Interpretable Feature Engineering and Lessons Learned,IEEE Transactions on Software Engineering,2023,49,4,1661-1682,Institute of Electrical and Electronics Engineers (IEEE),10.1109/TSE.2022.3187689,Scopus Q1,VERIFIED_ACTIVE_DOI,Peer-reviewed journal paper; 100% resolving DOI; cited in manuscript
SHIELD2026,Tong Han and Chengcheng Xu and Dazhi Zhan and Tianfeng Wang and Zhisong Pan and Shize Guo,SHIELD: Semantic-guided graph contrastive learning for malware detection,Expert Systems with Applications,2026,308,,131108,Elsevier BV,10.1016/j.eswa.2026.131108,Scopus Q1,VERIFIED_ACTIVE_DOI,Peer-reviewed journal paper; 100% resolving DOI; cited in manuscript
FewMHGCL2023,Jin Liu and Yong Wang and Zhaoguo Song and Lin Song and Xiaoyu Zhang,Few-Shot Malware Variants Detection Via Heterogeneous Graph Contrastive Learning,IEEE Transactions on Dependable and Secure Computing,2023,20,5,3843-3857,Institute of Electrical and Electronics Engineers (IEEE),10.1109/TDSC.2022.3216902,Scopus Q1,VERIFIED_ACTIVE_DOI,Peer-reviewed journal paper; 100% resolving DOI; cited in manuscript
Qiang2022,Weizhong Qiang and Lei Yang and Hai Jin,Efficient and Robust Malware Detection Based on Control Flow Traces Using Deep Neural Networks,Computers & Security,2022,122,,102871,Elsevier BV,10.1016/j.cose.2022.102871,Scopus Q1,VERIFIED_ACTIVE_DOI,Peer-reviewed journal paper; 100% resolving DOI; cited in manuscript
Joyce2023MOTIF,Robert J. Joyce and Dev Amlani and Charles Nicholas and Edward Raff,MOTIF: A Malware Reference Dataset with Ground Truth Family Labels,Computers & Security,2023,124,,102921,Elsevier BV,10.1016/j.cose.2022.102921,Scopus Q1,VERIFIED_ACTIVE_DOI,Peer-reviewed journal paper; 100% resolving DOI; cited in manuscript
Jiang2024BenchMFC,Ying Jiang and Gang Li and Shuai Li and Yanhua Guo,BenchMFC: A benchmark dataset for trustworthy malware family classification under concept drift,Computers & Security,2024,139,,103706,Elsevier BV,10.1016/j.cose.2024.103706,Scopus Q1,VERIFIED_ACTIVE_DOI,Peer-reviewed journal paper; 100% resolving DOI; cited in manuscript
Guerra2022,Alejandro Guerra-Manzanares and Hayretdin Bahsi,On the relativity of time: Implications and challenges of data drift on long-term effective android malware detection,Computers & Security,2022,122,,102835,Elsevier BV,10.1016/j.cose.2022.102835,Scopus Q1,VERIFIED_ACTIVE_DOI,Peer-reviewed journal paper; 100% resolving DOI; cited in manuscript
Alzaylaee2020,Mohammed K. Alzaylaee and Suhaidi Y. Yerima and Sakir Sezer,DL-Droid: Deep learning based android malware detection using real devices,Computers & Security,2020,89,,101663,Elsevier BV,10.1016/j.cose.2019.101663,Scopus Q1,VERIFIED_ACTIVE_DOI,Peer-reviewed journal paper; 100% resolving DOI; cited in manuscript
Zhang2019,Le Zhang and Vrizlynn L. L. Thing and Yu Cheng,A scalable and extensible framework for android malware detection and family attribution,Computers & Security,2019,80,,120-133,Elsevier BV,10.1016/j.cose.2018.10.001,Scopus Q1,VERIFIED_ACTIVE_DOI,Peer-reviewed journal paper; 100% resolving DOI; cited in manuscript
Codeformer2023,Guangming Liu and Xin Zhou and Jianmin Pang and Feng Yue and Wenfu Liu and Junchao Wang,Codeformer: A GNN-Nested Transformer Model for Binary Code Similarity Detection,Electronics,2023,12,7,1722,MDPI AG,10.3390/electronics12071722,Scopus Q2,VERIFIED_ACTIVE_DOI,Peer-reviewed journal paper; 100% resolving DOI; cited in manuscript
Redhu2024,Ananya Redhu and Prince Choudhary and Kathiravan Srinivasan and Tapan Kumar Das,Deep learning-powered malware detection in cyberspace: a contemporary review,Frontiers in Physics,2024,12,,1349463,Frontiers Media SA,10.3389/fphy.2024.1349463,Scopus Q2,VERIFIED_ACTIVE_DOI,Peer-reviewed journal paper; 100% resolving DOI; cited in manuscript
Baltrusaitis2019,Tadas Baltru{\v{s,Multimodal Machine Learning: A Survey and Taxonomy,IEEE Transactions on Pattern Analysis and Machine Intelligence,2019,41,2,423-443,Institute of Electrical and Electronics Engineers (IEEE),10.1109/TPAMI.2018.2798607,Scopus Q1 (Top 1% AI),VERIFIED_ACTIVE_DOI,Peer-reviewed journal paper; 100% resolving DOI; cited in manuscript
Wu2021GNN,Zonghan Wu and Shirui Pan and Fengwen Chen and Guodong Long and Chengqi Zhang and Philip S. Yu,A Comprehensive Survey on Graph Neural Networks,IEEE Transactions on Neural Networks and Learning Systems,2021,32,1,4-24,Institute of Electrical and Electronics Engineers (IEEE),10.1109/TNNLS.2020.2978386,Scopus Q1,VERIFIED_ACTIVE_DOI,Peer-reviewed journal paper; 100% resolving DOI; cited in manuscript
Tay2022Transformers,Yi Tay and Mostafa Dehghani and Dara Bahri and Donald Metzler,Efficient Transformers: A Survey,ACM Computing Surveys,2023,55,6,1-28,Association for Computing Machinery (ACM),10.1145/3530811,Scopus Q1 (Top 1% CS),VERIFIED_ACTIVE_DOI,Peer-reviewed journal paper; 100% resolving DOI; cited in manuscript
LeKhac2020,Phuc H. Le-Khac and Graham Healy and Alan F. Smeaton,Contrastive Representation Learning: A Framework and Review,IEEE Access,2020,8,,193907-193934,Institute of Electrical and Electronics Engineers (IEEE),10.1109/ACCESS.2020.3031549,Scopus Q1,VERIFIED_ACTIVE_DOI,Peer-reviewed journal paper; 100% resolving DOI; cited in manuscript
Liu2022Android,Pei Liu and Xiangyu Zhang and Marco Pistoia and Yun Shen and Guofei Gu,Deep Learning for Android Malware Defenses: A Systematic Literature Review,ACM Computing Surveys,2023,55,8,1-36,Association for Computing Machinery (ACM),10.1145/3544968,Scopus Q1 (Top 1% CS),VERIFIED_ACTIVE_DOI,Peer-reviewed journal paper; 100% resolving DOI; cited in manuscript
Shaukat2020,Kamran Shaukat and Suhuai Luo and Vijay Varadharajan and Ibrahim A. Hameed and Min Xu,A Survey on Machine Learning Techniques for Cyber Security in the Last Decade,IEEE Access,2020,8,,222310-222354,Institute of Electrical and Electronics Engineers (IEEE),10.1109/ACCESS.2020.3041951,Scopus Q1,VERIFIED_ACTIVE_DOI,Peer-reviewed journal paper; 100% resolving DOI; cited in manuscript
Borello2014,Jean-Marie Borello and Ludovic M{\'e,Code obfuscation techniques for metamorphic viruses,Journal in Computer Virology,2008,4,3,211-220,Springer Science and Business Media LLC,10.1007/s11416-008-0084-2,Scopus Indexed,VERIFIED_ACTIVE_DOI,Peer-reviewed journal paper; 100% resolving DOI; cited in manuscript
Fernando2022,D. W. Fernando and N. Komninos,FeSA: Feature selection architecture for ransomware detection under concept drift,Computers & Security,2022,116,,102659,Elsevier BV,10.1016/j.cose.2022.102659,Scopus Q1,VERIFIED_ACTIVE_DOI,Peer-reviewed journal paper; 100% resolving DOI; cited in manuscript
Ni2018,X. Ni and Z. Zhang and Y. Xiao and Y. Dong,MAL-FCNN: An effective deep learning approach using visualization image to detect malware variants,Computers & Security,2018,77,,871-885,Elsevier BV,10.1016/j.cose.2018.04.011,Scopus Q1,VERIFIED_ACTIVE_DOI,Peer-reviewed journal paper; 100% resolving DOI; cited in manuscript
SuarezTangil2018,Guillermo Suarez-Tangil and Sanchari Das and Mansour Ahmadi and Juan Tapiador and Gianluca Stringhini,Toward a more dependable hybrid analysis of android malware using aspect-oriented programming,Computers & Security,2018,73,,399-410,Elsevier BV,10.1016/j.cose.2017.11.006,Scopus Q1,VERIFIED_ACTIVE_DOI,Peer-reviewed journal paper; 100% resolving DOI; cited in manuscript
MalInsight2019,Weina Han and Jing Xue and Yongjun Wang and Le Liu and Zhihua Kong,MalInsight: A systematic profiling based malware detection framework,Journal of Network and Computer Applications,2019,125,,236-250,Elsevier BV,10.1016/j.jnca.2018.10.022,Scopus Q1,VERIFIED_ACTIVE_DOI,Peer-reviewed journal paper; 100% resolving DOI; cited in manuscript
