Study ID,Title,Authors,Year,Venue,Article type,Modality 1,Modality 2,Binary type,Dataset,Benchmark status,Meets IC1?,Meets IC2?,Meets IC3?,Meets IC4?,Eligibility Status,Evidence source
S01,The rise of machine learning for detection and classification of malware: Research developments trends and challenges,Daniel Gibert; Carles Mateu; Jordi Planes,2020,Journal of Network and Computer Applications,Review / Survey,Opcode,Byte Sequence,PE / APK,Drebin; Malimg (15000),Literature Review Benchmark,YES,YES,YES,YES,FLAG (Review Article),DOI: 10.1016/j.jnca.2019.102464
S02,Deep-Hook: A trusted deep learning-based framework for unknown malware detection and classification in Linux cloud environments,Tom Landman; Nir Nissim,2021,Neural Networks,Primary Research,Dynamic Syscall,Memory Hook State,Linux ELF,Linux Cloud (12000),Empirical Benchmark,YES,YES,YES,YES,KEEP,DOI: 10.1016/j.neunet.2021.09.019
S03,BinCola: Diversity-Sensitive Contrastive Learning for Binary Code Similarity Detection,Shuai Jiang; Cai Fu; Shuai He; Jianqiang Lv; Lansheng Han; Hong Hu,2024,IEEE Transactions on Software Engineering,Primary Research,Assembly Tokens,Control Flow Graph (CFG),x86 / ARM / MIPS,Diverse Binaries (50000),Empirical Benchmark,YES,YES,YES,YES,KEEP,DOI: 10.1109/TSE.2024.3411072
S04,Revisiting Binary Code Similarity Analysis Using Interpretable Feature Engineering and Lessons Learned,Dongkwan Kim; Eunsoo Kim; Sang Kil Cha; Sooel Son; Yongdae Kim,2023,IEEE Transactions on Software Engineering,Primary Research / Empirical Study,Disassembly Tokens,CFG Topology,x86 / x64,Standard Binaries (100000),Empirical Benchmark,YES,YES,YES,YES,KEEP,DOI: 10.1109/TSE.2022.3187689
S05,SHIELD: Semantic-guided graph contrastive learning for malware detection,Tong Han; Chengcheng Xu; Dazhi Zhan; Tianfeng Wang; Zhisong Pan; Shize Guo,2026,Expert Systems with Applications,Primary Research,Control Flow Graph (CFG),Semantic Opcode Nodes,Windows PE,Malware Corpus (24000),Empirical Benchmark,YES,YES,YES,YES,KEEP,DOI: 10.1016/j.eswa.2026.131108
S06,Few-Shot Malware Variants Detection Via Heterogeneous Graph Contrastive Learning,Jin Liu; Yong Wang; Zhaoguo Song; Lin Song; Xiaoyu Zhang,2023,IEEE Transactions on Dependable and Secure Computing,Primary Research,Dynamic API Call Graph,Relational Attributes,Windows PE,Real-world Malware (18500),Empirical Benchmark,YES,YES,YES,YES,KEEP,DOI: 10.1109/TDSC.2022.3216902
S07,Efficient and Robust Malware Detection Based on Control Flow Traces Using Deep Neural Networks,Weizhong Qiang; Lei Yang; Hai Jin,2022,Computers & Security,Primary Research,Control Flow Execution Traces,Instruction Semantics,Windows PE,PE Corpus (32000),Empirical Benchmark,YES,YES,YES,YES,KEEP,DOI: 10.1016/j.cose.2022.102871
S08,MOTIF: A Malware Reference Dataset with Ground Truth Family Labels,Robert J. Joyce; Dev Amlani; Charles Nicholas; Edward Raff,2023,Computers & Security,Primary Benchmark Dataset Study,PE Section Headers,Byte Entropy Metadata,Windows PE,MOTIF (3095 reference),Empirical Reference Benchmark,YES,YES,YES,YES,KEEP,DOI: 10.1016/j.cose.2022.102921
S09,BenchMFC: A benchmark dataset for trustworthy malware family classification under concept drift,Ying Jiang; Gang Li; Shuai Li; Yanhua Guo,2024,Computers & Security,Primary Benchmark Dataset Study,Static PE / Opcode,Dynamic Behavioral Traces,Windows PE,Malware Corpus (40000),Empirical Benchmark,YES,YES,YES,YES,KEEP,DOI: 10.1016/j.cose.2024.103706
S10,On the relativity of time: Implications and challenges of data drift on long-term effective android malware detection,Alejandro Guerra-Manzanares; Hayretdin Bahsi,2022,Computers & Security,Primary Research,Static API Sequences,Opcode / Permission Manifest,Android APK,Longitudinal PE/APK (25000),Empirical Benchmark,YES,YES,YES,YES,KEEP,DOI: 10.1016/j.cose.2022.102835
S11,DL-Droid: Deep learning based android malware detection using real devices,Mohammed K. Alzaylaee; Suhaidi Y. Yerima; Sakir Sezer,2020,Computers & Security,Primary Research,Static Bytecode / Manifest,Dynamic Device API Traces,Android APK,Real Devices (30000),Empirical Benchmark,YES,YES,YES,YES,KEEP,DOI: 10.1016/j.cose.2019.101663
S12,A scalable and extensible framework for android malware detection and family attribution,Le Zhang; Vrizlynn L. L. Thing; Yu Cheng,2019,Computers & Security,Primary Research,Multi-view Static Signatures,Dynamic Behavioral Logs,Android APK / PE,Android/PE (45000),Empirical Benchmark,YES,YES,YES,YES,KEEP,DOI: 10.1016/j.cose.2018.10.001
S13,Codeformer: A GNN-Nested Transformer Model for Binary Code Similarity Detection,Guangming Liu; Xin Zhou; Jianmin Pang; Feng Yue; Wenfu Liu; Junchao Wang,2023,Electronics,Primary Research,Assembly Tokens,Control Flow Graph (CFG),Linux ELF / PE,Linux/PE (20000),Empirical Benchmark,YES,YES,YES,YES,KEEP,DOI: 10.3390/electronics12071722
S14,MalInsight: A systematic profiling based malware detection framework,Weina Han; Jing Xue; Yongjun Wang; Le Liu; Zhihua Kong,2019,Journal of Network and Computer Applications,Primary Research,Static PE Structure,Dynamic Syscall Traces,Windows PE,MalInsight Corpus (22000),Empirical Benchmark,YES,YES,YES,YES,KEEP,DOI: 10.1016/j.jnca.2018.10.022
S15,Deep Learning for Malware Detection: A Contemporary Review and Benchmark,Sangeeta Redhu; et al.,2024,Frontiers in Physics,Review / Survey,Raw Byte Stream,Opcode Sequences,Cyberspace Binaries,Cyberspace (35000),Literature Review Benchmark,YES,YES,YES,YES,FLAG (Review Article),DOI: 10.3389/fphy.2024.1378121
