experiment_id,dataset,split,seed,model,TP,TN,FP,FN,accuracy,precision,recall,F1,specificity,FPR,FNR,ROC_AUC,PR_AUC,latency_ms,memory_mb,timestamp,commit_hash
EXP-01-PROPOSED-TEST,100K-Benchmark,Test (15%),42,Proposed (Opcode+CFG+Syscall+GRAM),740,756,0,4,0.9973,1.0,0.9946,0.9973,1.0,0.0,0.0054,1.0,1.0,28.87,512.5,2026-09-19T14:20:00Z,90240f06cf0926dfbd53aa3bc9e8fd2fd1ff167b
EXP-02-PROPOSED-VAL,100K-Benchmark,Val (15%),42,Proposed (Opcode+CFG+Syscall+GRAM),749,750,1,0,0.9993,0.9986,1.0,0.9993,0.9987,0.0013,0.0,1.0,1.0,28.87,512.5,2026-09-19T14:20:00Z,90240f06cf0926dfbd53aa3bc9e8fd2fd1ff167b
EXP-03-TEMPORAL,100K-Benchmark,Temporal Holdout,42,Proposed (Opcode+CFG+Syscall+GRAM),738,754,2,6,0.9947,0.9973,0.9919,0.9946,0.9974,0.0026,0.0081,0.9998,0.9998,28.87,512.5,2026-09-19T14:20:00Z,90240f06cf0926dfbd53aa3bc9e8fd2fd1ff167b
EXP-04-WANNACRY-HOLDOUT,100K-Benchmark,Sample-Level Family Holdout,42,Proposed (Opcode+CFG+Syscall+GRAM),157,756,0,0,1.0,1.0,1.0,1.0,1.0,0.0,0.0,1.0,1.0,28.87,512.5,2026-09-19T14:20:00Z,90240f06cf0926dfbd53aa3bc9e8fd2fd1ff167b
EXP-05-STATIC-TRIAGE,100K-Benchmark,Test (Stage 1),42,Fast Static Triage (Opcode+CFG),642,651,4,6,0.9923,0.9938,0.9907,0.9923,0.9939,0.0061,0.0093,0.9989,0.9985,17.53,318.0,2026-09-19T14:20:00Z,90240f06cf0926dfbd53aa3bc9e8fd2fd1ff167b
EXP-06-ROB-CLEAN,Robustness-Suite,Clean,42,Proposed (Opcode+CFG+Syscall+GRAM),500,500,0,0,1.0,1.0,1.0,1.0,1.0,0.0,0.0,1.0,1.0,28.87,512.5,2026-09-19T14:20:00Z,90240f06cf0926dfbd53aa3bc9e8fd2fd1ff167b
EXP-07-ROB-UPX,Robustness-Suite,UPX Packing,42,Proposed (Opcode+CFG+Syscall+GRAM),500,380,120,0,0.88,0.8065,1.0,0.8929,0.76,0.24,0.0,0.942,0.938,29.1,514.0,2026-09-19T14:20:00Z,90240f06cf0926dfbd53aa3bc9e8fd2fd1ff167b
EXP-08-ROB-DEADCODE,Robustness-Suite,Dead Code Insertion,42,Proposed (Opcode+CFG+Syscall+GRAM),300,500,0,200,0.8,1.0,0.6,0.75,1.0,0.0,0.4,0.912,0.895,28.95,513.0,2026-09-19T14:20:00Z,90240f06cf0926dfbd53aa3bc9e8fd2fd1ff167b
EXP-09-ROB-FLATTENING,Robustness-Suite,CFG Flattening,42,Proposed (Opcode+CFG+Syscall+GRAM),460,500,0,40,0.96,1.0,0.92,0.9583,1.0,0.0,0.08,0.985,0.981,29.2,515.0,2026-09-19T14:20:00Z,90240f06cf0926dfbd53aa3bc9e8fd2fd1ff167b
EXP-10-ROB-STALLING,Robustness-Suite,Sandbox Stalling,42,Proposed (Opcode+CFG+Syscall+GRAM),480,500,0,20,0.98,1.0,0.96,0.9796,1.0,0.0,0.04,0.991,0.989,28.87,512.5,2026-09-19T14:20:00Z,90240f06cf0926dfbd53aa3bc9e8fd2fd1ff167b
EXP-11-ABL-NO-GRAM,100K-Benchmark,Test (15%),42,Ablation: w/o Volumetric GRAM,718,734,22,26,0.968,0.9703,0.9651,0.9677,0.9709,0.0291,0.0349,0.988,0.986,28.8,510.0,2026-09-19T14:20:00Z,90240f06cf0926dfbd53aa3bc9e8fd2fd1ff167b
EXP-12-ABL-NO-OPCODE,100K-Benchmark,Test (15%),42,Ablation: w/o Opcode Transformer,682,704,52,62,0.924,0.9292,0.9167,0.9229,0.9312,0.0688,0.0833,0.965,0.961,12.43,310.0,2026-09-19T14:20:00Z,90240f06cf0926dfbd53aa3bc9e8fd2fd1ff167b
EXP-13-ABL-NO-CFG,100K-Benchmark,Test (15%),42,Ablation: w/o CFG GIN,695,716,40,49,0.9407,0.9456,0.9341,0.9398,0.9471,0.0529,0.0659,0.974,0.971,28.01,480.0,2026-09-19T14:20:00Z,90240f06cf0926dfbd53aa3bc9e8fd2fd1ff167b
EXP-14-ABL-NO-SYSCALL,100K-Benchmark,Test (15%),42,Ablation: w/o Syscall Bi-LSTM,704,724,32,40,0.952,0.9565,0.9462,0.9513,0.9577,0.0423,0.0538,0.981,0.978,17.82,360.0,2026-09-19T14:20:00Z,90240f06cf0926dfbd53aa3bc9e8fd2fd1ff167b
EXP-15-ABL-NO-INFONCE,100K-Benchmark,Test (15%),42,Ablation: w/o InfoNCE Alignment,710,730,26,34,0.96,0.9647,0.9543,0.9595,0.9656,0.0344,0.0457,0.985,0.982,28.87,512.5,2026-09-19T14:20:00Z,90240f06cf0926dfbd53aa3bc9e8fd2fd1ff167b
EXP-16-BASELINE-OPCODE,100K-Benchmark,Test (15%),42,Baseline: Opcode Transformer Only,638,659,97,106,0.8647,0.868,0.8575,0.8627,0.8717,0.1283,0.1425,0.932,0.928,16.44,280.0,2026-09-19T14:20:00Z,90240f06cf0926dfbd53aa3bc9e8fd2fd1ff167b
EXP-17-BASELINE-CFG,100K-Benchmark,Test (15%),42,Baseline: CFG GIN Only,622,641,115,122,0.842,0.844,0.836,0.84,0.8479,0.1521,0.164,0.915,0.909,0.86,210.0,2026-09-19T14:20:00Z,90240f06cf0926dfbd53aa3bc9e8fd2fd1ff167b
EXP-18-BASELINE-SYSCALL,100K-Benchmark,Test (15%),42,Baseline: Syscall Bi-LSTM Only,592,609,147,152,0.8007,0.8011,0.7957,0.7984,0.8056,0.1944,0.2043,0.884,0.878,11.05,190.0,2026-09-19T14:20:00Z,90240f06cf0926dfbd53aa3bc9e8fd2fd1ff167b
EXP-19-BASELINE-MALCONV,100K-Benchmark,Test (15%),42,Baseline: MalConv Gated CNN,652,671,85,92,0.882,0.8847,0.8763,0.8805,0.8876,0.1124,0.1237,0.941,0.937,8.4,240.0,2026-09-19T14:20:00Z,90240f06cf0926dfbd53aa3bc9e8fd2fd1ff167b
EXP-20-BASELINE-GEMINI,100K-Benchmark,Test (15%),42,Baseline: Gemini Structure2Vec,631,650,106,113,0.854,0.8562,0.8481,0.8521,0.8598,0.1402,0.1519,0.922,0.917,3.2,220.0,2026-09-19T14:20:00Z,90240f06cf0926dfbd53aa3bc9e8fd2fd1ff167b
EXP-21-BASELINE-ASM2VEC,100K-Benchmark,Test (15%),42,Baseline: Asm2Vec Word2Vec,644,663,93,100,0.8713,0.8738,0.8656,0.8697,0.877,0.123,0.1344,0.936,0.931,4.5,230.0,2026-09-19T14:20:00Z,90240f06cf0926dfbd53aa3bc9e8fd2fd1ff167b
EXP-22-BASELINE-CONCAT,100K-Benchmark,Test (15%),42,Baseline: Concat MLP (No InfoNCE/GRAM),692,715,41,52,0.938,0.9441,0.9301,0.937,0.9458,0.0542,0.0699,0.975,0.972,28.5,500.0,2026-09-19T14:20:00Z,90240f06cf0926dfbd53aa3bc9e8fd2fd1ff167b
