Experiment ID,Purpose,Script,Configuration,Dataset,Checkpoint,Output,Manuscript Section,Expected Table/Figure
EXP-01-PROPOSED-TEST,Primary Tri-Modal Performance on Held-Out Test Split,evaluation/INDEPENDENT_METRIC_VERIFICATION.py,configs/default.yaml,"datasets/test_split.pt (N=1,500)",checkpoints/best_model.pt,results/verified/standard_metrics.json,§13 Results,"Table 3, Fig 5, Fig 6, Fig 7"
EXP-02-PROPOSED-VAL,Validation Performance and Model Selection,multimodal_malware/training/trainer.py,configs/default.yaml,"datasets/val_split.pt (N=1,500)",checkpoints/best_model.pt,results/evaluation_test.json,§11 Experimental Protocol,Table 1
EXP-03-TEMPORAL,Simulated Chronological Partition Evaluation,multimodal_malware/evaluation/temporal_evaluator.py,configs/temporal.yaml,datasets/test_split.pt (4 Quarters),checkpoints/best_model.pt,results/evaluation_temporal.json,§15 Generalization Evaluation,Table 9
EXP-04-WANNACRY-HOLDOUT,Single-Family WannaCry Holdout Evaluation,multimodal_malware/evaluation/zero_day_evaluator.py,configs/default.yaml,datasets/test_split.pt (157 samples),checkpoints/best_model.pt,results/verified/family_holdout_metrics.json,§15 Generalization Evaluation,"Table 8, Fig 11"
EXP-05-STATIC-TRIAGE,Two-Stage Operational Triage Profiling,multimodal_malware/evaluation/triage_evaluator.py,configs/triage.yaml,datasets/test_split.pt,checkpoints/best_model.pt,results/verified/latency.csv,§17 Computational Efficiency,"Table 10, Fig 13"
EXP-06-ROB-CLEAN,Adversarial Robustness: Clean Unperturbed Baseline,multimodal_malware/evaluation/robustness_evaluator.py,configs/robustness.yaml,datasets/test_split.pt (500 samples),checkpoints/best_model.pt,results/verified/robustness.csv,§16 Robustness Evaluation,"Table 7, Fig 8"
EXP-07-ROB-UPX,Adversarial Robustness: UPX Packing Transformation,multimodal_malware/evaluation/robustness_evaluator.py,configs/robustness.yaml,datasets/test_split.pt (500 samples),checkpoints/best_model.pt,results/verified/robustness.csv,§16 Robustness Evaluation,"Table 7, Fig 8"
EXP-08-ROB-DEADCODE,Adversarial Robustness: Dead-Code Insertion Transformation,multimodal_malware/evaluation/robustness_evaluator.py,configs/robustness.yaml,datasets/test_split.pt (500 samples),checkpoints/best_model.pt,results/verified/robustness.csv,§16 Robustness Evaluation,"Table 7, Fig 8"
EXP-09-ROB-FLATTENING,Adversarial Robustness: Control-Flow Flattening Transformation,multimodal_malware/evaluation/robustness_evaluator.py,configs/robustness.yaml,datasets/test_split.pt (500 samples),checkpoints/best_model.pt,results/verified/robustness.csv,§16 Robustness Evaluation,"Table 7, Fig 8"
EXP-10-ROB-STALLING,Adversarial Robustness: Sandbox Stalling Transformation,multimodal_malware/evaluation/robustness_evaluator.py,configs/robustness.yaml,datasets/test_split.pt (500 samples),checkpoints/best_model.pt,results/verified/robustness.csv,§16 Robustness Evaluation,"Table 7, Fig 8"
EXP-11-ABL-NO-GRAM,Component Ablation: Removal of Volumetric GRAM Loss,multimodal_malware/training/trainer.py,configs/ablation_no_gram.yaml,datasets/test_split.pt,checkpoints/abl_no_gram.pt,results/verified/component_ablation.csv,§14 Ablation Study,"Table 5, Fig 12"
EXP-12-ABL-NO-OPCODE,Component Ablation: Removal of Opcode Transformer Branch,multimodal_malware/training/trainer.py,configs/ablation_no_opcode.yaml,datasets/test_split.pt,checkpoints/abl_no_opcode.pt,results/verified/component_ablation.csv,§14 Ablation Study,"Table 5, Fig 12"
EXP-13-ABL-NO-CFG,Component Ablation: Removal of CFG-GIN Branch,multimodal_malware/training/trainer.py,configs/ablation_no_cfg.yaml,datasets/test_split.pt,checkpoints/abl_no_cfg.pt,results/verified/component_ablation.csv,§14 Ablation Study,"Table 5, Fig 12"
EXP-14-ABL-NO-SYSCALL,Component Ablation: Removal of Syscall Bi-LSTM Branch,multimodal_malware/training/trainer.py,configs/ablation_no_syscall.yaml,datasets/test_split.pt,checkpoints/abl_no_syscall.pt,results/verified/component_ablation.csv,§14 Ablation Study,"Table 5, Fig 12"
EXP-15-ABL-NO-INFONCE,Component Ablation: Removal of InfoNCE Alignment Loss,multimodal_malware/training/trainer.py,configs/ablation_no_infonce.yaml,datasets/test_split.pt,checkpoints/abl_no_infonce.pt,results/verified/component_ablation.csv,§14 Ablation Study,"Table 5, Fig 12"
EXP-16-BASELINE-OPCODE,Unimodal Baseline: Opcode Transformer Only,multimodal_malware/evaluation/baseline_evaluator.py,configs/baseline_opcode.yaml,datasets/test_split.pt,checkpoints/baseline_opcode.pt,results/verified/baseline_comparison.csv,§12 Baselines,"Table 4, Fig 10"
EXP-17-BASELINE-CFG,Unimodal Baseline: CFG-GIN Only,multimodal_malware/evaluation/baseline_evaluator.py,configs/baseline_cfg.yaml,datasets/test_split.pt,checkpoints/baseline_cfg.pt,results/verified/baseline_comparison.csv,§12 Baselines,"Table 4, Fig 10"
EXP-18-BASELINE-SYSCALL,Unimodal Baseline: Syscall Bi-LSTM Only,multimodal_malware/evaluation/baseline_evaluator.py,configs/baseline_syscall.yaml,datasets/test_split.pt,checkpoints/baseline_syscall.pt,results/verified/baseline_comparison.csv,§12 Baselines,"Table 4, Fig 10"
EXP-19-BASELINE-MALCONV,Literature Baseline: MalConv Gated CNN,multimodal_malware/evaluation/baseline_evaluator.py,configs/baseline_malconv.yaml,datasets/test_split.pt,checkpoints/baseline_malconv.pt,results/verified/baseline_comparison.csv,§12 Baselines,"Table 4, Fig 10"
EXP-20-BASELINE-GEMINI,Literature Baseline: Gemini Structure2Vec,multimodal_malware/evaluation/baseline_evaluator.py,configs/baseline_gemini.yaml,datasets/test_split.pt,checkpoints/baseline_gemini.pt,results/verified/baseline_comparison.csv,§12 Baselines,"Table 4, Fig 10"
EXP-21-BASELINE-ASM2VEC,Literature Baseline: Asm2Vec Word2Vec,multimodal_malware/evaluation/baseline_evaluator.py,configs/baseline_asm2vec.yaml,datasets/test_split.pt,checkpoints/baseline_asm2vec.pt,results/verified/baseline_comparison.csv,§12 Baselines,"Table 4, Fig 10"
EXP-22-BASELINE-CONCAT,Early Fusion Baseline: Concat MLP (No InfoNCE/GRAM),multimodal_malware/evaluation/baseline_evaluator.py,configs/baseline_concat.yaml,datasets/test_split.pt,checkpoints/baseline_concat.pt,results/verified/baseline_comparison.csv,§12 Baselines,"Table 4, Fig 10"
